0,1,2
7.196064,5.481995,-1.064099
7.4803667,5.3797393,-0.011914902
7.6926775,5.3812647,-0.15480797
7.2569447,5.377646,0.10352559
7.7630415,5.1426787,0.9430862
7.4285235,5.421263,0.29942563
7.4368014,6.6534657,0.86986536
6.8856044,4.934844,-0.8665512
6.3227344,5.6608257,0.09839173
7.274333,5.052121,0.47130594
6.6939297,6.620967,-0.8394662
6.4350457,5.264141,0.27334702
6.314165,6.9252625,-0.2120618
7.8725963,5.390313,0.4286205
6.930334,5.405934,0.7448184
6.7790427,6.6154027,-0.5688297
7.4093523,5.6375117,-0.6502218
6.977625,5.523222,-0.34374526
6.539698,7.3288107,-1.3021203
7.2794223,4.8887544,0.27798274
5.8323665,5.3197975,0.22667414
7.2234993,5.173907,0.361874
7.5052257,5.1060905,0.49197024
7.5830092,5.2697387,-0.07306118
7.341008,5.6168227,-0.36433148
7.2814865,5.9807243,-0.5347641
7.720507,5.72159,-0.3040394
7.8868766,6.059737,0.43855402
7.3715935,5.414797,-0.08014758
6.2198415,4.4274387,-0.049216766
7.3991528,5.009598,0.26008442
7.5668635,5.1969323,-0.006770993
7.632964,5.472924,0.011706473
7.5135465,4.2412295,-0.047061928
6.750605,7.6369047,-0.96144974
7.2493367,6.3081503,-0.19694047
6.958655,6.1966095,-0.70835054
6.966519,6.0572305,-0.39203754
7.315895,6.1083755,-1.1198534
7.385198,5.1766872,-0.27808678
7.8819823,5.0737762,-0.33247522
7.0066705,5.225716,0.20140792
7.5596476,5.3923607,-0.036083486
7.093201,5.7324715,0.18981376
6.7720075,6.757581,-0.9499578
7.351704,8.348917,-0.341953
7.1594496,5.6341014,-0.097146556
7.2396483,5.6628447,-0.65823233
7.2490454,6.1208715,0.13670419
6.501262,7.3786993,0.14498337
6.7648563,5.037776,-0.36056086
6.779081,6.3686776,-0.55718553
7.7625227,6.926627,-0.7160931
7.6951203,4.5044894,-0.26332578
6.1804585,8.457054,-2.0987198
7.5539527,5.3340564,0.08440115
6.8483324,6.1673265,-0.09411706
6.751794,6.203518,-0.5824016
7.4302745,5.2043157,0.12081143
7.401239,4.9460783,0.4632139
7.236322,4.559971,-0.45568407
7.0343637,6.084499,-0.009425609
7.2202864,5.2493863,-0.36424315
6.7735004,5.686934,-0.14878915
6.028659,5.8330135,-0.59139353
7.1789746,5.181224,0.3296147
5.4089975,8.094406,-2.4792879
5.00302,5.286278,0.3413328
6.2435164,5.231529,0.46077928
7.6645293,5.519221,-0.22480643
7.7483706,5.5734463,-0.12432882
7.5876646,5.59975,0.4108736
7.0401073,5.6605253,-0.08668576
7.0289555,5.4278307,-0.2699946
7.505389,5.022962,0.34448445
7.855954,5.7322493,0.38908595
7.5551662,5.2474627,0.11696502
6.630566,4.830913,-1.1514525
7.341462,3.8609228,0.2171077
7.5395527,5.227594,0.2537273
8.170453,6.0755014,-0.3876061
7.112507,5.5135884,-0.7635941
7.023587,5.1005735,0.24637061
6.8803787,5.3645735,0.39261505
5.094056,5.4089956,0.27042112
6.7401624,6.7308292,-0.48322484
7.1007833,5.734095,-0.32262486
6.4785743,7.0833263,-1.0989128
6.8212433,5.447053,-0.2768941
7.055751,5.5394197,0.12064794
6.4408045,7.5786977,-1.2790754
6.239698,8.087804,-1.7295021
6.946422,6.6711354,-1.4409403
7.114801,5.265159,0.39666986
7.354919,5.1241984,0.11382953
7.094254,5.28675,0.10457334
7.0094805,5.4738727,0.17471687
7.137781,5.899691,0.757815
6.981892,5.070861,0.4209985
7.196465,5.3064847,-0.052597333
5.837229,6.6265335,-1.0106653
7.513178,5.1887736,-0.13102543
6.670968,5.7790756,0.86143696
7.691701,5.166206,0.030738775
7.074384,5.6357365,0.21185695
6.938085,6.299645,0.1251088
7.420718,5.282926,0.3434486
6.67013,6.9186006,-0.8564534
6.8746796,5.2859516,0.3160807
7.349794,5.0445313,0.5449467
7.3590083,4.970914,0.45651922
7.3319197,5.4157763,0.38151303
6.875367,5.020774,-0.52197194
6.3692517,5.2171054,-0.21249267
7.647513,5.3423057,-0.20285085
6.8830075,5.905438,-0.12024315
7.2846594,5.0850477,0.20817672
6.9222,6.1019154,-0.34503558
6.8302374,6.2181406,-0.37558275
7.241311,5.055024,-0.2503835
7.151662,5.6050653,0.108762994
7.371979,5.1434135,0.4765353
7.021298,5.842631,0.97627234
8.61742,5.194583,-0.54079664
6.34952,8.011244,-2.1809442
7.63762,5.147957,0.1305317
7.2323976,5.850518,-0.061486606
7.421926,4.7064915,0.72214097
7.4976263,5.1385894,-0.02363343
7.0080614,6.046499,-0.31020227
7.886105,6.3877015,-0.6654485
6.974125,4.542007,0.51420265
7.4102526,5.201745,0.24807622
7.2050147,5.5159445,-0.024841055
6.730408,5.164074,0.38000622
7.345915,5.028017,0.40967497
7.3167663,5.674126,0.25806624
6.5745397,6.2952323,-0.052586418
6.4614496,6.445237,0.212216
7.5173154,4.4704633,-0.69979155
8.205263,6.6770997,0.22798318
7.392951,5.4926486,-0.47144413
8.334459,5.1294045,-0.27100757
6.5556703,6.1683083,-0.5697582
6.967457,4.507992,-0.85889876
6.9836793,6.097351,-0.43787694
6.589134,7.380701,-1.0411581
7.433778,5.3062096,-0.22735769
7.460129,5.614793,0.8203809
7.5122747,4.1992955,-0.2804547
7.3098598,4.8326187,-1.1472026
6.8288655,6.172621,-0.45967197
7.1499004,5.331972,-0.32343653
6.5836587,6.8331246,-0.8196318
7.204686,5.4729085,-0.14055847
7.9818254,5.55651,-0.27494344
6.781949,6.6191263,-0.5236818
7.563026,5.8620143,0.52381206
7.1924524,5.0960145,-0.099475674
7.0917172,4.912674,-0.13947499
6.1305256,5.4651194,0.51601845
7.3292055,5.0634146,0.38752383
7.564966,5.1573157,0.064452395
6.871986,4.246887,0.9616281
7.6185102,5.5575094,-0.32126278
6.7073126,5.675749,-0.53126794
7.297617,5.1132636,0.4512854
7.0057096,5.5254164,-0.6305353
7.1470866,5.142179,0.40638876
6.8377843,6.048426,-0.3037068
6.089142,4.639634,-0.57026654
6.510527,6.887724,-0.7858732
7.116553,5.3803897,0.27156276
8.005137,5.5192213,0.33864722
6.397463,7.228644,-1.5860708
7.463653,5.1231856,0.103801474
8.122466,4.8799596,-0.10687975
7.9894204,5.11991,1.1724796
6.8342648,5.703036,0.32957894
6.859018,5.0392776,-0.01961777
6.420901,6.7029104,0.17660815
7.39656,5.4497848,-0.18929414
6.111417,4.601429,0.13513066
7.3730226,5.638183,0.48094088
7.687453,5.2816725,-0.05469707
6.706217,6.319444,0.39672136
5.861201,7.0597253,-1.1710309
7.4466696,5.8379154,0.11256423
7.281546,5.236538,0.64916575
6.8881536,5.5230465,0.29333198
7.491133,5.185057,0.049017556
7.6648407,4.9007497,0.20980133
7.015479,5.573741,0.080119245
6.756832,6.371098,-0.56776375
7.7459564,4.969148,0.22430998
7.3587737,5.147364,-0.51475394
4.897878,4.9484305,0.4840966
7.569153,5.1621013,-0.050553333
7.4980826,5.2129016,0.114379294
6.4409266,4.6633525,0.78609437
4.930366,9.697039,-1.5645608
5.9053392,9.28559,-2.6926866
5.683172,9.605991,-2.6197653
6.1054816,9.192851,-2.3255045
5.7222066,9.251131,-2.9568293
5.3267646,8.83289,-2.1876037
6.653854,9.851906,-2.4763415
5.1280227,9.084395,-2.163606
6.063971,9.252726,-2.2121744
5.446429,9.310447,-2.01612
5.879916,8.967436,-2.4992013
6.1435337,9.688695,-3.7599092
5.789854,9.07969,-2.880903
6.053607,9.232439,-1.9678826
5.854872,9.5162115,-2.10183
5.7807074,9.346595,-2.4411845
4.8937807,8.072424,-3.281455
4.8369293,10.421015,-2.4579952
5.5541883,9.402486,-2.7471008
6.775615,10.141028,-1.2180207
6.096641,8.887238,-1.571559
6.6053805,9.790158,-2.4711826
5.8535233,9.3185625,-1.9752777
5.400451,10.355193,-3.0246358
5.6537576,9.49426,-2.2043922
5.139034,10.100997,-2.0430095
6.032544,8.300853,-2.5362957
6.047505,8.650818,-2.0293567
5.7335496,8.818751,-2.640418
5.690708,9.332996,-2.7414043
5.7751727,9.510338,-2.3866584
5.7981324,8.946341,-1.8508563
5.3299174,9.161736,-1.9426092
5.1829,8.86155,-2.1406207
5.450789,9.697234,-1.9942719
5.294332,10.410525,-2.1283445
6.3069983,8.708518,-2.6979995
5.8033657,9.404759,-2.2530663
4.8486423,9.494571,-2.4406986
6.5017977,8.870277,-2.7171052
6.0849323,9.688421,-2.42675
5.6993093,9.293519,-2.7969375
6.1995907,9.04773,-2.1076186
5.3524685,8.879855,-2.5234358
6.057819,9.342645,-2.0057256
6.1448355,8.703084,-2.641886
5.591932,9.066635,-2.4932761
5.4348907,8.922693,-2.3273704
5.7260675,9.523531,-1.4460231
5.5786843,9.433622,-2.0694401
5.1551228,9.100403,-2.442994
6.324452,9.660636,-1.3084881
5.8484173,9.896055,-2.5417116
5.755101,8.880233,-2.6982558
6.1369987,8.762282,-1.664692
5.9704323,8.914798,-2.4227865
5.212407,9.617152,-1.7026145
5.386201,8.944085,-1.9145551
6.3794193,8.839818,-1.996487
5.460147,9.581413,-1.5518128
5.8758335,8.962933,-3.141637
5.6911597,8.830016,-2.3278809
5.777989,9.130701,-2.819133
5.2764287,9.425428,-2.5544865
6.173565,9.408755,-2.710104
6.2518716,8.656284,-2.0621343
5.082223,10.4787,-1.744949
6.0032787,8.632045,-2.1993778
5.3385,9.409418,-2.149316
5.927059,8.791003,-2.3654175
5.069509,9.033676,-2.617312
6.3473325,8.88849,-2.5142953
5.089762,9.541364,-3.1572168
5.4526315,9.740639,-2.7246346
5.652941,8.91772,-1.9773823
5.6681805,9.032272,-2.797636
5.795135,9.041049,-2.9671335
5.963065,9.064901,-2.091358
6.9657016,9.389678,-2.4283266
4.716206,9.708528,-2.6488354
5.565058,10.036214,-1.0227531
5.102356,9.530917,-2.6520982
5.5647235,8.512105,-2.5810819
6.4414363,8.832352,-0.83147913
6.6926723,9.535842,-2.1623406
6.0627427,9.0683565,-2.6801145
5.4822726,9.172422,-2.644488
5.797129,9.50501,-2.4051533
5.5186462,8.629575,-1.7220061
5.9575377,10.258947,-0.95373696
5.522938,9.497656,-2.4141207
5.6311517,8.581634,-2.2747803
5.8969803,9.512214,-2.4935565
5.9578624,9.489997,-1.6924294
5.415194,9.412274,-2.7642026
5.739809,9.008789,-1.9489697
5.601634,9.617307,-2.9090586
6.1158633,9.116688,-2.415344
5.633286,9.520276,-2.0995512
5.682887,10.341056,-2.480131
5.0195794,8.905817,-2.4046533
6.1456766,10.06706,-2.2576818
5.22762,9.732864,-2.7268472
5.95212,9.64278,-2.1544776
5.7712307,9.4996805,-1.8102353
6.0286984,9.079912,-2.7402656
5.59057,9.873027,-2.4167497
6.046473,9.637033,-2.2899528
5.405255,9.051305,-2.686358
4.937006,9.753809,-1.7085077
5.951477,10.235922,-1.6543884
5.6751976,8.9362335,-2.2841334
5.88543,8.941183,-2.7946775
5.6583376,8.885188,-2.6566265
6.1566677,10.626591,-1.4903252
5.952858,8.730843,-3.037195
5.7280574,8.818574,-2.2731016
5.3579574,8.997934,-2.6369839
5.422961,9.629903,-2.3668654
5.757575,9.071882,-2.9262679
6.7599792,8.840697,-1.574792
6.30027,10.339883,-2.8069308
5.0186057,9.4918375,-2.0089839
5.717531,9.043855,-1.9162253
4.5575733,8.38784,-1.6740868
5.9371357,9.392636,-2.5745347
6.2475123,8.855162,-1.9744908
5.9901185,8.712713,-2.188423
4.615358,9.276495,-2.5028143
4.446278,9.363489,-1.1805433
5.5709715,8.948548,-2.3877451
5.2551417,9.341753,-2.578071
6.361267,9.065852,-2.761846
4.897885,9.886353,-2.5115557
4.7270803,9.24251,-3.0993679
4.669339,9.956444,-2.1949704
5.400584,9.270479,-1.9792088
5.760345,9.319262,-2.0791228
5.648522,9.42235,-1.6672667
5.997041,9.336222,-1.7362751
6.0786805,9.352836,-2.6466122
5.9107585,9.175944,-1.9919223
6.3317556,8.900751,-0.5967837
5.626626,8.99601,-2.03394
5.4846306,9.108995,-2.4667056
5.3782473,9.519179,-2.5827801
6.165974,9.077371,-2.5983846
5.310028,10.1454525,-2.5107977
4.875791,9.123635,-2.3375795
7.039123,9.8142395,-2.0859013
5.7548385,8.73673,-2.4252417
5.948086,9.247885,-1.8540477
5.0137978,9.376565,-1.6159948
5.7358685,10.010851,-1.831149
5.7494955,9.029482,-2.5748727
5.60301,9.396719,-2.482725
5.8388777,9.231904,-1.4205916
5.401945,9.729352,-2.4350555
5.9261336,8.673079,-2.0256348
5.3313456,9.141112,-2.2854822
5.850293,8.79237,-2.4184322
6.861963,9.481538,-1.5850083
5.8109584,9.426257,-2.4176497
6.2179694,8.335897,-1.6634293
4.562705,8.892076,-1.9518034
5.720698,9.052586,-2.7027164
5.6403956,7.8290977,-0.8745352
6.1805844,8.960162,-1.9302005
5.7117405,9.0040245,-2.7811265
5.2125144,8.968312,-2.4483695
4.9925165,8.948177,-1.0447397
5.715836,9.138776,-2.8691223
6.2176824,9.4962435,-2.8511584
6.174666,9.032463,-2.062769
5.9241185,8.974948,-2.3477333
5.279305,9.100556,-1.3444724
5.8420324,9.555982,-3.184094
5.967042,8.953851,-2.3000205
5.707482,9.257679,-2.9895804
5.572675,9.373215,-2.7776592
5.4513993,9.220088,-2.8312516
5.0698805,9.842308,-1.4312494
5.162842,8.741059,-1.5837975
5.889009,9.533696,-2.6809874
5.0679994,9.4060545,-2.1167498
5.6386027,8.655286,-2.423625
5.3419456,10.077535,-2.160018
5.6800494,8.788312,-2.5026343
6.0367446,9.312618,-2.7887475
6.0776057,9.015972,-2.8020036
5.768365,8.688311,-1.7708932
5.310174,8.916147,-2.3842266
6.5793595,9.395154,-2.8221822
5.7696652,9.380242,-2.7484167
7.1905475,8.240837,-0.48199722
5.645557,9.422462,-2.7400744
5.6368012,9.677893,-1.8985444
7.108993,8.144039,-2.2675254
5.9495234,8.962288,-3.968357
5.7971153,8.815492,-2.6924036
4.300745,-4.1418204,0.99498636
4.911162,-5.7324653,0.18227257
3.5368166,-5.6603746,0.38818115
4.5876136,-5.8716807,-0.21774387
4.915942,-5.2188854,2.1840632
3.6770604,-5.3064885,2.0763454
4.1496387,-5.079472,0.7536999
3.836668,-4.8729715,0.73031557
4.626162,-4.8920374,0.42786938
3.6204088,-4.691258,0.4355129
5.0037465,-5.412085,1.4272304
4.826838,-4.8723907,0.31090197
4.495179,-4.9031377,0.38742232
4.923997,-4.7489047,0.2998917
5.0610504,-4.5456166,2.1167147
4.515063,-4.931974,0.5688374
4.3028426,-4.9717646,0.94934744
3.905245,-5.0654845,0.8779657
4.66483,-4.7521653,1.2220392
4.1353025,-5.0067563,0.64270216
4.925702,-4.811454,0.10377552
3.0706716,-5.4380946,0.5381576
3.0329878,-4.5496716,-0.58270764
4.007241,-4.9064775,1.0997553
3.7784858,-5.3093443,1.0010862
4.8467584,-4.6177645,1.8838227
5.5647006,-4.753891,-0.31988394
4.872862,-3.6456144,0.03681408
4.663483,-5.516799,1.31913
4.9594536,-5.3204246,1.4934087
4.093065,-5.8796086,1.1623048
3.8629365,-5.4121966,1.6895517
3.4111135,-5.0348563,-0.25868377
4.6851897,-4.7846646,0.5162178
4.2039394,-4.02794,-0.5372646
4.608003,-5.2600746,0.48638478
4.1648235,-5.094046,0.7814329
3.270646,-4.6426716,1.196712
4.3854685,-5.664915,1.1881828
4.020023,-4.9559193,0.78147095
5.4738665,-5.003232,0.26498497
3.2513986,-5.5401044,-0.087814786
4.092734,-5.4809675,0.6439711
3.3222759,-5.385077,0.7250301
5.516479,-4.7943892,1.2073982
4.027869,-4.450549,0.30593637
3.7692091,-5.4530683,0.7411841
5.374916,-5.0071554,1.6358943
3.9050634,-5.1002083,0.31324065
4.757526,-5.5059867,0.4366128
4.312164,-5.3404503,1.0983782
3.4544213,-2.7542946,1.0864066
5.168533,-5.1222715,-0.1392203
3.9310105,-5.396476,-0.29315808
5.832983,-4.696843,0.22042696
4.9368896,-5.450115,2.4427886
5.4310026,-4.89531,0.25816405
5.2559314,-4.301477,0.59773636
5.3983417,-5.5428486,0.3329724
3.5761683,-4.7326226,1.365569
5.093037,-4.702343,0.074766725
3.278346,-4.5279794,1.8269615
5.3042746,-4.870299,0.02763768
4.112086,-5.268298,1.0745949
4.1036716,-5.247604,0.8350856
4.8806877,-4.8705378,0.21892665
4.588608,-4.8856225,0.36817044
4.3597965,-5.81406,1.0906763
4.7759233,-5.223824,0.731023
4.5018544,-4.9321623,1.112644
2.1983836,-6.2721663,2.1686268
4.731494,-5.2238474,0.42174515
3.5701933,-3.3804164,1.1106447
4.5602875,-4.8935146,0.38216782
4.645343,-4.81914,0.3453049
4.2632318,-4.983483,0.57013816
4.9571834,-4.806922,0.1082613
4.60013,-4.8755035,0.27861434
4.510092,-4.901195,0.28717616
5.3501472,-5.404214,0.33528048
3.456158,-2.733698,1.0834186
4.3163323,-4.3713813,2.3487303
4.3217587,-5.837426,0.8042326
4.3484497,-4.8955507,0.79745895
4.2992973,-5.297409,0.87976456
4.155459,-3.6352186,-0.20728718
4.402462,-4.904801,0.64553654
4.872095,-5.1892257,0.6316531
3.955971,-5.2922845,1.3669796
4.4120317,-3.820578,1.1073289
4.5642853,-4.9129624,0.4661642
4.2536054,-4.977949,0.62840486
5.2502236,-4.741967,0.24577229
4.768055,-4.7639794,0.275588
6.0178347,-5.2014523,1.0841584
3.3839462,-4.586487,1.0987409
3.9919982,-5.5596447,0.6053237
4.663034,-5.459038,0.30147257
4.368943,-4.881159,1.6214486
4.0633187,-4.996461,0.77704036
3.966885,-4.272031,0.6325592
3.8879526,-4.8972664,1.0128541
5.691662,-4.3214025,1.24227
4.7613025,-6.148646,1.3969947
2.1349306,-4.994751,1.8266402
5.295851,-5.2426066,0.11779487
4.4368215,-6.058121,1.958257
4.5414257,-4.9382153,0.52015066
5.0089235,-4.6322474,1.5372577
4.8920627,-4.7433953,0.17137791
4.6330175,-4.8475776,0.38720846
4.0663137,-5.329253,0.65504974
5.3536987,-5.0527425,1.3784441
4.66402,-4.947222,0.41914335
3.6848984,-5.041705,-0.008049744
5.452501,-4.7498555,-0.36866328
4.608268,-6.6527967,0.034310527
4.0816,-4.5605636,-0.70430374
5.022114,-4.5111175,1.1484839
4.3561583,-4.1805577,1.2360178
4.7605324,-4.8128996,0.19868483
4.9975896,-5.3163567,2.3080125
4.1184893,-4.9661746,0.6141712
3.0704963,-4.4170756,0.3657297
4.7549763,-4.558547,0.1676833
5.297774,-4.345004,1.0570896
4.5629563,-6.34171,1.4746555
3.4872258,-4.1785736,0.67741543
4.1955442,-4.8528233,0.285007
4.76457,-4.631748,0.14598931
5.512868,-5.0939436,0.90595216
4.7349377,-4.760352,0.21077164
4.6657825,-6.492578,0.19923954
3.8673224,-5.8292437,0.2642653
4.123898,-4.9890676,0.6955495
2.791906,-5.6074357,2.3379557
4.5446763,-4.968043,0.944574
4.3501644,-4.8449655,0.9714775
5.2911263,-3.7485032,1.0300272
4.0052204,-5.197278,1.1453133
4.728618,-4.97961,0.37353727
5.0958886,-3.9926736,0.82023335
4.100103,-5.5166116,-0.60494787
4.1745687,-4.997093,0.7633475
4.0779777,-5.0510993,0.72791094
4.305376,-5.118003,0.89524716
4.4436984,-2.6316605,0.15462284
5.2683434,-5.859952,1.6695231
4.5274134,-6.6469383,0.19593233
4.4160123,-4.808671,0.99823034
4.672157,-4.872565,0.2424718
5.5056167,-4.599131,-0.5547999
4.9430337,-4.7622647,0.12445046
4.562959,-5.0127378,1.2915516
4.60304,-4.844733,0.66683424
4.8481455,-4.882937,0.32778293
4.4379616,-4.9098134,0.7724687
4.202336,-5.029272,0.7826276
4.2154,-5.4969544,1.7387751
4.1317124,-4.8581815,0.5719029
4.1900473,-5.5455337,-0.21069193
4.591989,-4.7584085,0.45088175
4.4356465,-5.027591,0.7040473
4.661228,-5.0028396,0.4801092
4.066646,-5.9537725,0.62781143
4.575564,-4.927241,0.43317777
4.2109265,-5.006641,1.296261
4.0496817,-4.8293657,0.54378986
5.126025,-4.5263596,0.063561186
5.0048184,-5.0069523,0.20826358
4.33962,-5.644936,0.07278911
4.286583,-5.1481194,0.32963112
4.952161,-4.7601223,0.8406513
4.6765976,-4.816753,0.26083148
5.124066,-6.55725,0.17578685
3.9851985,-4.5538425,0.9628738
4.5822206,-4.9431067,1.3756378
4.4623995,-4.9379907,0.3223887
4.4314256,-4.9893355,0.6003584
3.9875264,-5.215625,0.8495804
4.3289056,-5.579397,1.3618093
4.1231446,-4.9346576,0.7354833
4.4963613,-4.9710298,1.0559924
4.6461735,-5.107514,-0.25830767
5.0482526,-5.4328537,0.9519832
2.819148,-9.553524,2.9550726
4.9018426,-5.7001185,-0.03311327
3.8984144,-5.744614,0.34720084
4.2685165,-5.973689,1.0486448
4.4018865,-4.360322,-0.1850613
3.4237363,-7.7374825,1.4597018
4.118452,-4.5443583,1.5728984
5.3299007,-6.0811195,0.917059
3.9219012,-6.119138,-0.18807314
3.9983232,-4.7795043,0.78856945
4.6653748,-4.8572245,0.369419
4.3304005,-4.95526,1.4092212
4.874137,-4.985193,-0.12751529
4.662497,-4.6416817,0.5806689
3.9102552,-5.6106815,1.4568517
-0.27929744,-5.620219,4.2351885
-0.06726746,-5.2655473,3.8305714
-0.30426875,-5.5525208,4.0279117
-0.28156194,-4.6480894,4.561398
-1.1395873,-4.6594653,4.2023196
0.068547755,-5.507618,2.280653
-0.42362893,-5.415079,3.8144217
-0.7091574,-5.858013,2.3986232
0.870016,-3.3232927,3.3637238
-1.0656388,-4.94634,4.68547
0.4244661,-3.1972,3.2072623
-0.35477096,-5.7361736,3.8991163
0.8398401,-7.0473843,4.054286
-0.261781,-5.605865,4.178356
-0.02283565,-5.40929,4.7720704
0.38948673,-5.2092433,2.9251935
-0.34645155,-5.630284,3.834268
-0.25829473,-5.5448723,4.016272
0.17195883,-7.8344736,4.304606
-1.3646009,-4.9314833,4.9234705
-1.2282392,-5.4380717,3.5043716
-0.12046473,-5.495069,4.24111
-0.031040072,-5.499439,4.438969
-0.7197544,-5.2936277,4.101131
-0.7267219,-5.371956,4.089354
-0.8291207,-5.4231324,5.3559794
0.7828371,-5.524801,2.9773302
-0.059163053,-4.9263215,3.8383112
-0.9619887,-5.878249,2.5644164
-0.51799834,-5.2241096,3.6658165
-0.64022046,-5.3192635,3.8599806
-1.8866723,-5.9781256,4.1759844
-0.18145265,-5.714325,4.154957
0.90595186,-6.2148194,4.7113395
-1.0357821,-5.2984304,3.6752002
-0.8230013,-5.760183,3.6453009
-0.0134746535,-5.5756903,4.195237
-0.82062995,-4.4038196,4.836587
-0.69890136,-6.048205,3.4015033
-0.6340593,-6.1285353,4.1362095
-1.6000248,-4.764035,3.4842248
0.10189015,-5.516353,4.017168
0.093321905,-5.637541,3.4117517
-1.1298354,-5.516557,4.0317364
-1.217277,-5.5830865,3.2725627
-1.68335,-5.8015723,4.5543385
-0.6612794,-6.2268662,4.444457
-0.8516117,-5.6824646,4.345991
-0.9655875,-6.083241,3.8427567
-1.0740364,-5.4544683,3.8386152
-0.103162915,-5.404991,4.265835
0.38883266,-2.6518226,2.8617418
-0.36828816,-6.15148,3.2057822
-0.13032593,-5.743095,4.0627456
0.051685344,-6.343814,3.955652
-1.8199493,-5.1079698,2.9199958
-0.16594778,-5.578784,4.2070456
-0.86361426,-5.6022897,3.5123405
-1.5416466,-5.780792,3.1844747
-1.2024536,-6.0657983,3.0129316
0.6958718,-6.5769815,3.7175367
-0.545017,-5.623421,3.8749907
0.52674836,-3.4760864,3.3793173
0.1739984,-5.6214695,4.2720532
-1.13278,-5.7704244,2.3804874
0.037535574,-5.7900095,3.6485937
-0.27450964,-5.5151443,4.196548
-0.65762496,-5.00532,4.194433
-0.1338527,-5.6095195,4.2157946
0.8515795,-3.3680153,3.3918417
0.18492693,-4.751051,4.7227745
-0.11956082,-5.6150637,4.1292014
-0.13309038,-5.5536366,3.9438634
-0.1025899,-5.697685,4.0563364
-0.16662495,-5.369027,4.254378
-0.19586943,-5.50223,4.0726156
-0.6732022,-6.09387,3.5436585
-1.1756364,-5.5546975,4.077632
-1.449567,-5.715881,3.0539315
-0.2834233,-5.745601,4.081918
0.8714018,-7.6890903,4.543126
-0.22312883,-5.557751,4.051154
0.2174172,-4.7880344,2.2513056
0.7862019,-6.7252064,3.603074
-0.44167224,-4.7491193,2.8190181
-1.3770559,-5.3432617,3.5523367
0.44831908,-6.587218,4.138894
-0.17329808,-5.3706465,4.775817
0.47057757,-8.180997,3.6752892
-0.72934866,-5.358236,3.779944
-0.97951573,-4.483979,4.0309644
1.1985517,-5.3872495,3.3601272
-0.23674117,-5.495921,4.157354
0.04025382,-6.314381,3.7443905
-0.48299363,-3.884204,4.8126473
-0.21787797,-5.5323405,4.3612614
-1.1760658,-5.673639,4.2410765
-0.6728865,-5.3765635,3.8396335
0.38877285,-7.376462,3.2995872
-1.1948062,-5.165464,3.519407
-0.46737674,-5.9055767,3.691021
-0.44798854,-5.1555443,4.01031
-0.54890764,-6.066786,5.5053563
-1.688007,-5.8859024,3.670767
-0.32462075,-5.404807,4.158478
-0.2463566,-6.155852,3.8258116
-0.16069143,-5.53762,4.3506904
-1.5497223,-5.0535994,3.7508569
-1.0650445,-6.8062763,4.2406774
-0.48025545,-5.4156365,4.205938
-0.19562972,-4.9644427,3.8426626
0.52128077,-6.369402,4.8389153
-0.20175518,-5.0219827,2.6058292
-0.12463969,-5.789565,4.1487083
0.44240743,-6.5337343,4.561826
-0.28799972,-5.897342,2.8969948
-0.9772445,-5.274309,3.581221
0.028812664,-5.8704925,3.740661
-0.1565083,-5.0170846,3.742792
0.07270886,-5.4253387,3.9894755
-0.14645232,-6.070309,3.6934052
-0.7632935,-4.8782234,3.789262
-0.15189181,-5.4708686,4.133028
1.0820737,-4.5502453,4.1642475
-0.3958031,-5.28378,4.4167
-0.32520851,-5.50387,4.31272
-0.2930573,-5.6479053,4.0075974
-0.2154782,-5.2413435,2.967977
0.4972017,-6.08208,4.795147
-2.0362136,-5.481234,4.0938964
-0.04173441,-5.9651575,4.126279
-0.3053613,-5.5660205,4.638104
0.20147103,-5.399052,3.3028407
-0.18252502,-5.7309866,4.0885544
0.36954406,-4.980362,4.4842544
-0.09842682,-5.6892333,4.251492
-0.24557267,-5.677511,4.04531
-1.0856882,-5.1040907,3.8964236
-1.1543174,-5.241001,4.056025
-0.20990354,-5.527771,4.459146
-1.0003586,-6.395464,2.7050793
-0.38340434,-5.483297,4.149034
-0.11571632,-5.5598674,4.000749
-1.273936,-5.5473976,3.9739578
-1.1626469,-6.25462,3.6502118
-0.31468064,-5.5762405,4.0326953
0.15071432,-5.7597423,4.129463
-0.10756719,-5.7336597,4.149932
-0.17463519,-5.6497893,4.221761
0.1496408,-5.0094213,3.5286934
-0.9619044,-6.316896,2.439637
0.39274707,-3.2209265,3.2447538
-0.3228703,-5.9878135,2.5724475
-0.572706,-5.4681215,3.2388408
-0.31546062,-5.6607313,3.8568785
-0.65041625,-5.341668,4.3916078
-0.12874648,-5.451106,4.1324964
-0.7479104,-5.049687,4.323347
-0.26881793,-5.552175,4.5122795
-0.11645686,-5.359478,3.9105868
1.0678802,-5.745297,4.8802023
-0.3565949,-5.6317005,3.9134073
-1.4997422,-5.3460445,3.791997
0.5181275,-5.7972183,5.2646046
-1.1616299,-5.589363,3.4210026
0.6054432,-6.280923,4.7605214
-1.206358,-4.494949,3.8866448
0.075497694,-6.575197,4.632536
-1.0691737,-5.6283226,4.456083
0.27614596,-6.3363013,4.646572
-1.2476997,-5.030855,4.3508353
-0.5493439,-5.371416,3.9307446
0.9655609,-7.04798,3.3405159
0.71409655,-3.3452044,3.3705938
-0.71691203,-4.232399,3.2672737
-0.29934725,-5.50539,4.222624
-0.98365796,-5.488713,4.604429
-0.7439887,-5.0447583,3.5001905
-0.36134142,-5.2474995,4.047076
0.8270347,-3.3618743,3.380464
-0.1400768,-5.6960654,4.181425
-0.31253996,-5.3382883,2.696813
0.05399357,-5.676515,3.9120333
-0.013212935,-5.6479936,4.3606067
-0.39604977,-5.677831,4.002858
-0.101792336,-7.8649573,3.7042978
0.075116925,-4.8305454,3.5657287
-0.30365127,-6.386388,4.161341
-0.2514165,-5.5499845,3.996179
0.17517138,-5.6357994,4.7993417
1.4936857,-6.340811,4.8026614
-0.095470704,-6.2704587,4.8503833
-0.047970127,-5.701425,4.014378
-1.1118703,-4.7436824,3.4818563
-0.048254102,-6.3636403,4.1139426
0.00064544985,-5.6943035,4.3682203
-0.21604066,-5.5337195,4.2764616
-1.6863133,-4.611935,3.904504
-0.49660215,-5.258244,4.261963
-1.3665068,-5.317838,2.9563632
1.3860503,-8.351861,4.2673254
1.034438,-9.89802,4.211412
0.89829874,-9.243075,3.8612766
1.8320589,-10.2484255,3.2225714
0.8822078,-9.197856,4.0503783
1.2660012,-7.8264866,4.290024
1.4025468,-9.796093,4.0546846
1.4535439,-9.909654,4.285987
1.1721377,-9.367227,4.1618395
1.0291051,-7.929404,4.6412354
1.164069,-10.23454,4.2275796
1.7218884,-10.506778,3.8807945
0.6665387,-9.97292,4.41593
1.1847084,-10.239857,3.8283875
0.9789876,-9.820491,3.782227
1.9561837,-8.093107,3.4887087
1.0454388,-9.807555,3.874023
0.8846369,-9.129991,5.0821247
1.9413832,-8.386799,3.628413
0.8414759,-10.486489,5.263452
0.8170568,-10.181885,3.6710792
0.79682446,-9.614091,4.5605693
0.066811174,-9.928962,2.7512705
1.0154911,-9.714682,4.1902175
0.9393854,-10.00747,3.5361276
1.2331871,-10.219643,3.7398493
2.009408,-10.608019,3.9147768
1.3961453,-9.81137,4.034275
1.5652589,-9.620661,3.6363919
2.096939,-9.852257,4.07132
1.2042236,-9.522074,2.9978147
0.92940336,-9.639813,3.4393003
0.75431246,-9.368753,3.2228715
0.95394886,-9.491444,3.9263124
1.0084985,-9.273916,3.778838
0.98125094,-10.263715,3.587774
0.8411514,-9.601817,3.6396832
2.4119232,-10.097147,4.496988
1.0778619,-9.6977215,3.9508994
1.4062861,-10.0015135,4.1935334
0.9458207,-9.990742,4.0486374
0.5780756,-9.524257,4.291633
0.84549403,-9.609837,3.985433
0.3196105,-8.787035,3.1101668
0.6236678,-9.21812,3.7832613
1.4273729,-9.173925,4.702251
1.2451175,-9.825346,3.4820518
-0.36419985,-10.128542,4.157001
1.3405459,-9.656943,4.656033
1.1545475,-9.396808,3.428759
1.0466455,-9.469528,3.624671
1.3175157,-10.259208,4.4696712
1.2489561,-10.418406,3.9356816
1.4830042,-11.161804,3.2305717
1.1922637,-10.205443,4.0965486
1.0803407,-10.583944,3.842794
1.5555584,-9.941577,3.7793674
2.0809398,-9.501659,4.1308594
1.0829068,-10.263359,3.7360175
1.490661,-10.186672,3.9106672
1.2710595,-10.120247,4.1323977
2.3680236,-9.237508,2.8445609
-0.092757925,-9.840022,3.5039284
1.4368206,-9.584323,3.9398322
1.072336,-8.011506,4.2832837
1.0820992,-10.187802,3.4904814
1.3044603,-9.74058,4.000574
0.9469033,-9.646762,2.918911
0.66374207,-10.094962,3.287612
1.2772233,-9.425086,2.6075487
3.4894357,-6.656314,1.6092966
1.0875568,-9.609136,4.2365503
0.40486294,-9.7797985,5.346711
1.0461466,-9.61446,3.8943408
1.3531923,-9.790902,3.9150248
1.1827916,-9.869877,3.4837918
2.5918484,-9.2854595,2.5071826
1.9047581,-9.382818,3.4842408
0.69568837,-10.194955,4.2840023
0.740617,-8.641987,4.0825458
1.2478842,-9.934612,4.1426516
0.33459666,-9.8815155,3.7916656
1.5325445,-9.677612,4.0839195
2.2535188,-10.427126,3.6228883
1.3544542,-9.855226,3.6070974
2.6355374,-10.181309,4.6060047
1.2220567,-9.903409,4.214153
1.3209563,-9.904767,4.4158745
0.751889,-10.230554,3.0561385
1.049524,-9.78427,4.078328
0.95517397,-9.926662,3.9674637
1.2592949,-10.053195,3.939385
1.0227641,-10.113415,4.174382
1.1229718,-10.033673,3.9914496
1.2648883,-10.03231,4.392587
0.110977136,-9.896256,4.630622
1.0976609,-10.010947,4.2790475
2.1454575,-9.810991,3.2217038
1.1603813,-10.282307,3.902593
0.5049712,-8.965549,2.9135537
1.5308177,-10.093754,3.957014
0.55170023,-9.907503,4.2517433
1.7779114,-9.834908,3.9541407
1.5369663,-9.616395,4.7860575
1.1143991,-10.036924,4.2955537
1.5077057,-10.288053,4.0266356
1.0731863,-9.840674,3.4085593
1.052138,-9.761849,4.009408
0.96911955,-9.298165,4.064483
2.0165117,-9.159513,3.344046
0.80418926,-10.326214,3.8366857
1.3772355,-10.521105,3.0137017
2.1830752,-9.820689,3.8202143
1.4800675,-10.190688,4.0141673
1.1064317,-9.738869,4.1201005
0.6471305,-10.060589,3.0746763
1.2773978,-9.518043,4.2684593
2.6459172,-9.303378,4.278183
0.29906282,-10.125503,3.920674
1.1185385,-10.316408,3.5602367
1.2572869,-8.491397,4.1041646
0.50634223,-9.761915,3.8399007
1.2934313,-9.699246,4.237348
1.0576925,-10.07384,3.8298721
0.94550455,-9.539079,3.924628
0.69725823,-8.367617,4.8642273
0.8156629,-10.587948,4.65214
0.9889237,-8.789401,4.1913314
1.0457466,-9.553969,3.4977689
0.7032088,-9.728975,3.7054503
1.7281306,-9.753451,3.9263966
0.95096356,-9.228801,3.7425084
1.5480856,-8.649731,3.7883267
1.3641496,-8.7178755,4.6766005
0.5616805,-10.326744,3.9232683
1.2666368,-10.052672,4.20009
0.9888495,-9.280052,4.092983
1.453586,-10.138821,3.032219
1.1497604,-9.504991,4.256643
1.2575588,-9.811703,4.1975174
2.059957,-7.5165677,3.6171951
1.3046957,-10.504035,3.4866636
1.4581398,-9.061893,2.3149133
0.42421326,-10.675377,2.9016345
0.8860768,-9.593544,3.9662483
0.84077555,-9.685798,3.7799585
1.3593118,-9.917615,4.3569007
0.8755661,-10.007543,4.0606604
1.3444989,-10.208298,4.110476
1.0962565,-9.363151,4.1022267
1.2722733,-8.888353,2.6671648
2.3316164,-8.507724,3.4932666
1.4732423,-9.504211,3.418106
1.0096179,-9.953374,4.0242634
2.036583,-8.339343,4.9215703
2.3639617,-10.691425,3.7625215
1.5583414,-8.107956,3.7736082
0.9097054,-9.824956,3.9354124
1.0564952,-9.795872,3.8363056
1.5018226,-9.322322,3.4246655
0.8871851,-11.172471,3.9074306
1.0483209,-9.874214,3.953183
1.7525249,-10.030001,2.9585588
1.2368326,-9.594216,4.173528
1.0101882,-8.405799,5.0392423
1.0076137,-9.912331,3.7842886
1.0871314,-9.876912,4.112705
1.1967591,-9.853086,4.045335
1.2259737,-9.971501,3.7953978
1.0704371,-10.080924,4.1562
2.284071,-9.382749,3.0448034
1.2523266,-8.573798,3.9292555
0.28687686,-8.799219,4.4041624
0.74639064,-8.51669,3.855637
1.2176728,-10.154344,4.0274696
1.0574683,-10.100463,2.176125
1.9284629,-11.070621,4.3580008
1.5041641,-9.781788,3.7696476
0.6532591,-10.028494,4.285662
1.0365294,-9.555454,3.9144096
1.0326118,-10.093086,3.9279475
2.3503587,-8.675287,3.7971847
0.8460049,-11.2231045,4.3312297
1.3466771,-9.1472435,3.1590755
1.2701737,-9.651473,3.4322712
1.3349274,-10.339746,4.2278543
0.773957,-9.696252,2.673507
1.1807868,-9.957445,3.7895849
0.9172611,-8.4736395,2.713102
0.9808366,-9.248398,4.0089545
1.8532091,-9.643752,4.226254
2.0153453,-9.432703,4.266402
1.2573752,-9.837035,4.1416893
1.1794204,-9.748513,3.5591037
1.3172532,-10.450144,3.2068667
1.8061643,-10.745247,4.8960595
0.9169294,-9.903212,3.6044116
1.1920258,-9.868385,3.7288783
1.1310886,-10.499954,4.2805786
0.92248356,-10.036613,4.0030036
-7.281283,3.3419962,-0.9599063
-7.7417746,1.2882792,0.68276864
-8.381438,3.8662055,-0.932738
-6.9091024,4.0423555,-2.5609822
-6.962374,3.1055546,-1.2022736
-7.175817,3.4385216,-1.0431913
-6.9336023,3.0309126,-3.1758254
-6.9897547,3.6051564,-1.4585629
-7.3110924,3.0800788,-1.3313802
-7.697307,4.150925,-0.981631
-7.3118424,3.46034,-0.873264
-7.051402,2.045832,-1.1379137
-4.9155197,3.7291777,-0.9285804
-5.8064017,3.2266812,-0.6511511
-6.276836,2.9042552,-2.8270698
-7.2279797,2.1620972,-0.833586
-7.3587213,2.4565816,-1.5310613
-7.2298903,3.2690089,-1.1423073
-5.3141007,3.4288387,-0.9005263
-7.3331685,3.065214,-0.87075776
-7.1003947,3.5596466,-1.845765
-6.686721,3.6026165,-2.325508
-7.0485506,-1.8418384,-3.071151
-7.0929403,3.55212,-1.4090806
-6.1502123,2.8158314,-0.109999456
-8.208206,3.0567145,-0.82928085
-5.8031764,4.4753003,-1.5115474
-7.4776464,1.4865896,-0.04406567
-7.326303,4.7837615,-1.1813757
-7.189614,2.2177947,-1.8201966
-6.81111,4.1482115,-1.8068951
-7.3249073,3.3728278,-0.9096367
-7.358856,3.2774694,-0.86571205
-6.985973,2.652148,-1.5744087
-6.4463034,3.1027422,-2.9060266
-7.2925863,3.525149,-0.7622167
-7.177921,3.1888196,-0.8889574
-6.162672,4.2562647,-0.9146034
-1.0560138,4.434185,0.016863588
-8.538636,4.112582,-0.7914956
-6.5711217,1.2224506,-0.6022342
-7.6040154,2.8236897,-1.2249467
-5.898175,2.0810556,-2.37401
-7.2025356,3.891156,-0.95786697
-8.215318,3.11348,-1.400791
-6.757002,0.863093,-1.5537541
-8.038672,2.1753123,-1.6928996
-6.6856184,2.750316,-1.7935368
-6.605153,3.995657,-2.840691
-6.002985,3.5742295,-0.77693856
-7.0782757,2.373711,-3.16343
-8.188439,3.8493202,-1.8167745
-7.066851,3.418019,-0.961567
-8.5302725,3.5079107,-1.9571922
-7.7734504,3.798,-1.300924
-0.8211018,4.1619606,0.21749973
-6.845454,3.8134098,-2.3728933
-6.015777,1.7640423,-1.8706096
-6.8761287,2.8201075,-1.1937735
-7.146676,3.4862475,-1.4536203
-6.2274394,1.2697631,-1.9386923
-6.088101,3.406875,-0.6149698
-6.9744205,3.5448678,-1.1786708
-7.8787746,3.0899477,-1.1553067
-6.7713404,3.5437255,-0.66191256
-8.201326,2.9022982,-2.8776393
-6.258132,2.7074263,-1.9293679
-7.360894,3.4040337,-0.97697383
-6.124812,3.2939322,-1.2553185
-7.4431505,3.5152273,-1.0864245
-7.0999293,3.2894933,-1.221655
-6.9857407,3.269202,-1.254696
-6.744252,2.3477404,-2.596283
-7.6564116,2.266154,-1.4024147
-7.6109915,1.5401835,-3.1674056
-6.9533377,3.3361185,-1.1407092
-7.0968637,3.446555,-1.052683
-7.583878,3.5174856,-2.690626
-6.8709273,4.7231936,-1.8538418
-7.8078136,3.936623,0.05124059
-7.424708,2.3606129,-0.89135736
-6.7478914,3.7777162,-1.1829334
-6.0662193,2.0723944,-1.1865497
-6.1061177,4.3038177,0.63541293
-7.0481663,4.17871,-1.4864405
-7.875644,2.8272002,-2.3281736
-7.3678527,3.2061012,-0.8434804
-7.3773065,2.9824147,0.684011
-6.7922177,1.0993135,-1.5196393
-6.8764853,2.169981,-1.6037115
-7.404573,3.2773094,-1.004932
-6.527026,2.1828322,-2.0985131
-7.343328,2.5509076,-1.370664
-7.302953,4.564503,-0.37190855
-6.5876484,3.5515552,-0.70364493
-7.1037836,2.5738344,-1.9942873
-6.1368747,2.0273988,-1.1906573
-7.3369813,3.074509,-1.0304741
-7.187267,4.3000154,-0.97675246
-6.9472885,2.709421,-0.8936311
-7.1445813,3.5859027,-0.102875486
-5.59734,2.9264805,-0.40471986
-7.591383,4.317322,-1.487851
-7.327705,2.9934072,-1.1054544
-6.501052,3.0082908,-0.026019283
-7.7876925,4.3162985,-1.6966839
-7.028672,2.9905145,-1.9649303
-8.249473,4.379286,-1.2705405
-5.811188,2.7026374,-1.7318515
-7.228135,3.3759646,-0.9021337
-7.725649,2.8497598,-0.33414048
-7.4317193,4.183903,-0.65186423
-6.4556093,2.915711,-2.2387438
-6.647775,2.7706292,-0.71009517
-7.052302,2.8906348,-2.5901046
-7.228553,2.975367,-1.1579683
-9.111228,3.6777263,-0.45152536
-7.2885165,2.9014482,-1.418532
-7.3630314,3.7623627,-0.6229236
-8.528597,2.8485186,-1.8195525
-5.9627404,3.9002044,-0.6215333
-7.5277276,2.9154716,-1.251988
-7.573595,2.742378,-1.221109
-8.119997,3.1772926,-0.8431033
-6.0838947,4.077285,-1.8526767
-7.307055,3.1659288,-1.8841212
-5.2998943,0.9351342,-0.39491013
-7.040502,3.629777,-1.2921431
-7.09698,3.2655556,-1.2818314
-7.177083,3.039132,-0.9903784
-8.587008,3.9560373,-2.0610178
-7.0795946,2.4923322,-2.7438104
-5.577005,3.3082118,-1.8529341
-7.521436,3.1509821,-0.94876754
-5.5104756,2.9947617,-1.270792
-7.241516,3.7940307,-0.66472334
-5.9379354,1.9346538,-2.8015468
-7.3156786,3.5319033,-1.0904691
-5.1828117,3.6928835,-0.038409896
-6.536392,2.7368982,-1.2295201
-7.3376393,3.05998,-0.96698606
-6.574869,3.2955756,-1.4131042
-7.5230303,3.0330775,-1.0261611
-7.497405,2.6151745,-1.6192145
-7.999572,1.9282601,-2.7268438
-7.559998,4.0342817,-2.2709794
-7.924764,2.2742608,-0.22545314
-7.930104,2.5840678,-1.4284064
-5.807764,2.1487315,0.48469785
-6.009029,3.3256998,-1.616432
-7.46339,2.5811431,-2.4450974
-7.3199024,3.760107,-0.6166288
-6.583715,3.029615,-2.154806
-7.707469,3.133058,-1.4122086
-8.157336,2.2317805,-3.2126904
-6.0404253,3.1863902,-2.1249237
-7.656367,0.9305702,-0.83882403
-7.0230985,3.4521165,-0.9680668
-6.9781494,4.016911,-0.027910842
-6.1516485,2.7909226,-0.5830683
-7.010252,3.1385913,-1.2164208
-7.997347,4.0519156,-0.11023292
-6.4857965,4.7039576,-0.86837286
-5.237621,2.5395458,-1.562023
-7.8897595,1.3743169,-0.53109735
-8.144993,4.1583276,-2.32481
-6.9858956,3.0524163,-1.2271925
-7.8923535,2.4083736,-0.28471395
-6.99476,3.0507553,-2.4488206
-7.556878,3.505387,-0.24088639
-7.1737666,2.7808075,-1.606944
-5.593036,2.8338413,-0.23393519
-6.8303485,2.38843,-0.9355405
-1.4761589,3.6684968,0.12016892
-6.8606815,4.225771,-0.097120844
-7.2769065,3.7543242,-0.5394409
-7.9117055,1.9854852,-1.2005247
-7.80462,2.7808948,-1.0253063
-8.172429,3.668041,-2.8265789
-6.405496,2.753766,-1.8889972
-6.992575,4.850969,-0.9442383
-6.770712,3.032622,-1.3229845
-7.412952,2.450629,-1.7246801
-6.277906,4.3375063,-0.53392625
-6.9636645,3.7413855,-1.1032529
-6.898789,3.0196815,-1.7430308
-7.715149,2.8654552,-0.96161425
-8.796789,2.8457642,-2.7334588
-7.3233933,3.3558052,-1.267728
-6.998289,3.3175352,-1.9486648
-7.2518916,2.7250857,-1.3883104
-7.3576193,3.5661798,-2.037509
-7.5960383,2.4386404,-1.4244497
-6.2186737,3.6906033,-1.515007
-6.476912,3.4823463,-0.66099435
-7.0580025,3.2554772,-0.10129282
-6.793696,3.4057126,-1.5655977
-7.5292263,2.3445995,-1.5745432
-9.039204,3.6136224,-1.1882995
-6.949264,3.4939737,-0.5852895
-4.764937,-2.2652087,-1.5884774
-5.922822,-2.4786274,-1.2147585
-6.6269126,-0.356353,-1.0254681
-6.7825193,-1.4682302,-1.6993206
-5.422455,-1.359204,-1.0428038
-5.9282837,-1.5096332,-1.5763941
-6.0033374,-1.7291024,-1.5078802
-6.107833,-1.7823755,-1.1718061
-7.539992,-1.2200189,-1.340419
-6.2590485,-1.370591,-0.8770539
-7.207149,0.3834698,-1.3292661
-5.3277073,-1.7638415,-2.5350046
-4.891905,-0.774475,-2.2018514
-5.7515078,-1.46364,-1.9095892
-6.06905,-1.6486582,0.4275181
-5.726935,-0.9954663,-1.2461004
-6.265101,-2.3449745,-1.4819785
-6.0019717,-1.6029656,-1.3099271
-6.1723847,-1.6239858,-1.3722254
-5.86332,-1.541901,-1.2390571
-6.0661607,-2.2027454,-1.9492335
-6.5163994,-1.5584284,-0.91915834
-5.9643703,-1.4554325,-1.4668583
-6.0505037,-1.5796807,-1.0794976
-6.7281294,-1.3115885,-1.464807
-5.8924522,-1.4049125,-1.6324636
-5.9788504,-1.466798,-1.1402867
-5.0634904,-0.8753693,-0.41691425
-6.84476,-0.57353216,-1.2297461
-6.2710238,-2.0696647,-1.2733968
-7.603231,-1.7050368,-0.29437092
-5.905035,-1.4778183,-1.0515853
-5.661888,-1.278726,-0.75754035
-6.302453,-1.4297898,-1.5089155
-6.162526,-0.66554546,-2.4699414
-5.814591,-1.6741675,-1.2879803
-7.1273613,-1.1294653,-1.2560546
-4.4029055,-1.5967929,-0.7055803
-5.6932297,-0.7145117,-0.847745
-4.850588,-0.52160436,-2.1367157
-6.5632234,-0.58321476,-1.1725013
-7.746121,4.2143755,0.1679376
-5.777645,-1.9229162,-1.355254
-4.6967683,-0.81258714,-2.2772956
-5.6126347,-0.97080094,0.22455737
-7.127194,-1.7469248,-2.1387105
-7.928887,-1.0437475,-1.738344
-5.063294,-1.1305581,-3.5248747
-6.509623,-2.051334,0.0991887
-6.131914,-1.5734153,-1.7229244
-6.5644155,-1.7060844,-0.7024957
-6.2363586,-1.2099483,-1.503004
-6.378655,-0.6132386,-0.87064576
-5.777084,-1.747374,-1.3275789
-5.903542,-2.0276668,-0.58054143
-7.608096,1.2057037,-1.9964256
-5.8403525,-1.4818678,-1.2115742
-5.999977,-1.4395051,-1.0301034
-6.4835367,-0.88413227,0.21163741
-4.99063,-0.8047497,-2.0774643
-6.590538,-2.2405767,-1.2890353
-6.5744896,-0.8197498,-0.76070726
-5.119557,-1.8717678,-1.9253923
-6.9188423,-0.25825933,-2.2590513
5.5220532,9.2809,-0.5485855
-5.840811,-0.44964677,-0.58692986
-5.381464,-2.175009,-0.21055007
-6.4785814,-1.4623964,-1.4305949
-5.796936,-0.40345109,-0.74868494
-6.286487,-1.1069115,-1.0619874
-6.3538094,-1.6401187,-1.263543
-6.26924,-1.0541159,-0.881312
-5.973262,-1.2305616,-0.99107766
-6.245147,-1.0030518,-1.108739
-5.8056464,-1.7815682,-1.5151932
-7.494177,-2.1749508,-1.7715614
-5.6684785,-1.1994629,-1.061171
-5.777833,-1.6892505,-1.1147012
-6.247365,-1.5159758,-0.8843912
-5.7620254,-1.46647,-1.386185
-5.993743,-1.422781,-1.209264
-6.3321714,-0.9118595,-1.0843072
-5.5514517,-2.2662716,-1.4241952
-6.314656,-1.1100869,-1.8922071
-6.044882,-1.0944501,-1.1382315
-5.8958745,-1.2593377,-1.9482478
-5.799074,-1.6446723,-1.2747993
-5.76126,-1.4120069,-0.022528872
-6.009327,-1.3175629,-1.1006141
-6.0450015,-1.4638373,-1.4100811
-5.0657268,-2.6063683,-0.86755955
-6.287075,-1.6978471,-1.2160758
-6.143284,-1.9132386,-0.83238095
-6.062893,-1.0553449,-1.0345877
-6.300712,-1.5089272,-1.2170414
-6.967098,-0.6329242,-0.32737768
-6.447131,0.3314108,-0.12169991
-7.354641,2.4454303,-1.5062329
-6.447427,-0.5147085,-1.2605517
-6.3694143,-2.06719,-2.5070531
-0.40701732,-1.901542,-3.3927343
-6.2215714,-0.94596785,-0.8654083
-7.1688247,0.9585081,-1.9343908
-6.6416163,-0.56447524,-0.74714196
-5.888249,-1.5361245,-1.2499182
-4.6572466,-0.9441889,-2.0825903
-6.2189665,-1.4143975,-1.0359861
-6.003435,-1.3561467,-1.1026742
-5.7550545,-1.8188375,-2.0883477
-7.699364,-0.3871968,-2.9074707
-6.315387,-1.6923809,-0.8711258
-6.481286,-1.5387204,-1.4827397
-6.2300086,-1.8949072,-0.63507444
-5.5421395,-1.5019097,-1.3740572
-5.9225755,-1.939521,-1.1359617
-5.5760307,-0.99539655,-0.43361473
-5.7831244,-1.8745285,-0.6036593
-5.9420104,-1.2479112,-1.1665823
-6.0167794,-1.1414021,-1.076585
-4.984663,-0.5557272,-1.7699038
-5.930892,-2.9176414,-0.80485153
-5.630534,-2.5728579,-2.3271036
-5.9297757,-1.5267005,-1.1629355
-5.880879,-1.7681355,-1.2688061
-7.8340936,-1.7605078,-0.15993693
-5.9090967,-1.7232077,-1.5702543
-6.645693,-2.6351337,-0.39715746
-6.165744,-0.9311583,-0.5229361
-6.288695,-1.2065784,-0.98905575
-6.468615,-0.761633,-1.9841459
-6.1763067,-1.2503256,-0.51716626
-5.724917,-1.5891708,-1.143065
-5.963652,-1.5584219,-1.2888484
-6.262753,-1.3674963,-0.7944019
-4.977081,-0.22027701,-1.4863994
-6.8937254,-0.66508794,-1.5691166
-7.434998,1.4465021,-0.368721
-5.8064585,-1.2995689,-1.7469563
-5.81142,-2.199526,-2.0428126
-7.3393235,-1.9927438,-0.9089387
-7.0149555,-1.992626,-1.2734354
-6.0960975,-1.5997791,-1.5459484
-6.047315,-1.3478985,-1.3645775
-6.012608,-1.4357331,-1.0842357
-5.9053125,-1.6355404,-1.1833731
-6.280408,-1.1392055,-0.8518228
-5.998649,-1.5870109,-1.2242143
-5.8950343,-1.6441412,-1.318863
-5.9139395,-1.679993,-1.9471593
-5.8887186,-1.5478112,-1.2974004
-5.9946404,-0.07672122,-1.649663
-5.6246285,-2.0237155,-1.1930426
-7.6568227,1.8328062,-1.6762451
-6.0661807,-0.9451439,-1.1504923
-6.176037,-1.2038759,-1.0481503
-6.371599,-1.383911,-1.0834674
-4.824153,-0.56345487,-0.28619993
-5.910513,-1.5002251,-1.3845793
-5.947035,-0.9941513,-1.8955616
-6.1062965,-1.0203294,-1.0838015
-5.746174,-1.6667422,-1.8327255
-6.0353503,-1.3325332,-1.2970172
-6.0200324,-1.2890662,-1.0780293
-4.90456,-1.6265115,-0.67483336
-6.130947,-1.5456412,-1.2567825
-5.8831143,-1.7427294,-1.3117158
-5.6898203,-1.6052688,-1.2823882
-8.80702,0.73770094,-1.7736986
-5.9945416,-1.4499913,-1.265605
-6.3056984,-2.213421,-1.2067027
-5.8576484,-1.6173396,-1.4942383
-5.8412786,-1.8147572,-1.5601729
-6.295124,-1.8558745,-0.79026836
-6.1792865,-1.6411055,-0.75071096
-6.241391,-0.6464474,-0.21741052
-6.6682854,-1.5114847,-0.5164594
-5.896974,-1.5043399,-1.3470718
-7.0568395,-1.6834964,-2.7675624
3.76422,10.188662,-1.1843159
-5.7901883,-1.5960271,-1.2896676
-6.4463406,1.6425403,-2.4358606
-5.901608,-1.4169854,-1.3248044
-7.2867084,0.4879545,-3.3273742
-6.249018,2.4368138,-1.7325839
-6.0998325,-1.6240896,-1.0403076
-6.7869005,-1.6062765,-0.9086235
-5.8913455,-1.3645889,-1.2753425
-6.1284323,0.95306313,-1.6031445
-6.6775517,-2.9342377,-1.6107581
-5.238647,-1.9644933,-0.4855812
-5.234225,-1.4658425,-1.266625
-4.8087883,-0.20104517,-2.2422125
-5.807914,-1.635543,-1.2538245
-7.4723415,-1.8718128,-2.0788865
-5.866035,-1.8832238,-1.5967017
-5.537472,-2.8227606,-2.7031891
-6.354614,-1.1051853,-1.5285187
-7.8052235,-1.1627882,-2.062826
-6.1583524,-0.8357056,-2.0670702
-6.8331003,-0.024489196,-0.57695484
-8.753423,1.3511626,-0.118901074
-7.7909975,0.7119691,-2.1048229
-8.011144,1.825532,-0.5998035
-7.0441785,3.155555,0.044238955
-7.429793,0.20231028,-2.118233
-8.427107,0.6170101,-1.8683085
-8.29911,0.8207811,-1.5599685
-6.787042,3.1030805,1.7955146
-7.785748,0.071260214,-2.2111464
-8.907744,1.3192606,-1.5609013
-8.803159,0.51073486,-0.3634328
-9.276328,2.0356002,-0.15589681
-9.630455,2.3529756,-1.217428
-8.46064,1.2778447,-0.08879779
-9.503703,1.5471044,-2.1650105
-9.170154,3.0842707,0.511599
-8.395328,1.620846,-3.0539992
-7.825088,0.86219424,-1.5385482
-7.547149,1.9043019,-0.12261443
-7.9899435,0.24929479,-0.1497224
-2.101338,-5.643696,3.1519146
-7.7191954,0.6628945,-2.7156625
-7.0881104,1.9527863,-0.47432783
-9.367562,2.6512752,-0.7977787
-8.392465,0.08498762,-1.6174127
-8.023386,1.9667785,-1.7642375
-8.704131,1.9430751,-1.2003196
-9.54669,1.7663492,-1.0469973
-7.829488,0.23814599,-3.0300539
-8.591534,2.1388717,-0.8641061
-8.7256565,1.1452482,-1.5007191
-6.4870443,1.9274044,-0.995179
-7.6408734,0.89544874,-1.6421388
-8.614135,2.7537963,-2.3615324
-7.8848796,1.6925087,-1.2729782
-7.3431287,1.7625841,-3.1488006
-9.609198,1.7582011,-1.4330767
-8.668775,1.1447089,-1.6354387
-7.8367248,1.6587888,-1.4054886
-8.760223,1.87041,-3.3631852
-8.599771,1.2573009,0.017984321
-8.546464,-0.02725254,-2.458664
-7.8200145,0.9299883,-2.498422
-8.147364,0.45422712,-2.225394
-6.7078624,2.608045,-1.024208
-8.82132,2.4837568,-1.0568987
-9.445424,0.74729574,-1.9861525
-8.119413,0.76325244,-2.1698613
-9.0429735,2.1955593,-0.21236247
-7.6760597,2.3225386,-1.6636211
-7.7503185,0.82892126,-1.8636792
-7.668872,1.017467,-0.2586737
-6.5692925,1.8022162,-2.744016
-8.766109,1.0035732,-3.436435
-8.003889,0.5687034,-0.3543664
-8.581677,0.92014176,0.12910816
-8.172096,1.4925333,-1.5923412
-8.547096,1.1199164,-1.6034603
-8.530797,1.5535992,-0.90589035
-8.7406645,0.92090964,-1.7623088
-7.011795,1.301389,-2.554847
-9.148021,1.714021,-0.50096595
-8.305791,1.2104836,-1.5791216
-8.054297,2.6650655,-0.9685368
-7.9039593,-0.935232,-2.1137307
-8.920626,1.0261497,-2.9256363
-8.147181,1.9304914,-1.8326012
-6.3386025,0.9356645,-0.61245394
-8.311279,2.3617492,-1.1084409
-7.662127,0.72551507,-0.9573904
-7.3688636,0.31387573,-2.4948819
-7.7968693,0.68877953,-2.022214
-8.670218,1.3331966,-1.2210172
-6.0832176,-1.48843,-1.1326771
-7.58108,2.9490988,0.11348323
-6.250055,1.111651,-3.666853
-8.520811,1.3695713,-1.2541364
-8.05836,0.8842699,-3.1882043
-8.447846,1.269603,-1.7015818
-8.925558,2.1097136,0.5194042
-9.147978,0.077066086,-0.4614509
-8.925318,1.2763675,-0.23276854
-8.930247,1.2534541,-1.0103555
-8.877142,0.6333436,-1.662893
-8.57181,1.4303209,-0.47362795
-7.1054454,0.57047254,-2.6457102
-7.059351,2.8203714,-0.742443
-8.60587,0.90575355,-1.8640467
-9.572267,1.0179255,-0.6364703
-8.355309,2.088881,1.4988966
-9.327775,1.1861949,-1.9579345
-7.4723787,1.0395179,-2.4112735
-8.089771,0.87494206,-1.6278518
-6.026353,1.9103924,0.19011503
-7.144236,0.83139205,-0.040271696
-8.1090555,0.64835966,-2.1348512
-7.550361,0.7095223,-1.7718167
-7.601063,2.79205,-0.7338751
-8.225592,1.0416045,-1.5978773
-7.8706346,2.66839,-3.48313
-9.200579,2.3886864,-2.1550121
-9.30482,3.4540963,-2.0602033
-8.681657,1.6876861,-1.2718416
-7.9764433,1.3205091,-1.3677934
-7.8882656,0.8822995,-1.8309631
-9.149326,1.7256093,-0.9190503
-8.374733,1.6073341,-1.0120741
-8.219353,1.3025367,-0.7997594
-8.575612,0.7044476,-1.3840063
1.4504598,4.963143,-1.2103652
-8.637684,0.98166037,0.09356927
-8.444895,1.8447561,1.0955173
-8.567588,2.4088066,-1.3131495
-7.7538433,1.3575801,-0.12783968
-9.142542,1.9674044,-1.2183573
-9.917593,2.5200033,-1.048943
-9.500093,2.6484346,-2.0310028
-8.6989,0.31343776,-0.56872284
-9.023019,0.58341485,-1.5442504
-9.497435,1.7059623,-0.36930895
-8.320824,2.0010107,0.61058867
-8.9302845,2.7164104,-0.30307963
-7.763414,1.8140478,-1.2456487
-6.403788,1.3469954,1.0139849
-7.349593,0.025286335,-2.2366197
-6.562386,0.35597464,-2.527415
-9.106018,0.50045335,-1.9018563
-7.224862,1.632621,-0.5995946
-6.975823,0.47498858,-2.1943355
-8.607041,2.7610846,-1.8139018
-7.0196233,-0.24364266,-0.93687326
-8.38801,1.9014071,1.1492416
-8.649654,1.3204108,-1.3726788
-6.9472027,0.33238083,0.10005939
-6.391098,2.9268126,0.46155217
-8.347074,0.7107275,-1.5730401
-9.388443,0.9208457,-1.2151408
-8.605986,1.7052553,-2.0987828
-7.102721,1.2863427,-1.8538067
-8.024572,2.287715,-0.63688236
-8.349179,3.1305816,-0.8517701
-8.878966,1.8856021,1.2326204
-8.167471,1.8470395,-2.059626
-9.468156,2.6636689,-0.19674903
-8.370808,1.7314184,-1.0293852
-7.809414,1.8263512,-2.6793664
-7.514814,0.8548557,-2.1791987
-7.6463118,1.617279,-1.0912902
-8.388987,1.8401802,0.038032755
-7.465854,0.42902184,-1.92912
-8.057634,2.0005515,0.37652487
-8.215224,1.1186792,-2.7277315
-8.452729,1.1378088,-0.10038054
-7.759091,0.55534875,-1.9384985
-6.3541317,3.9314191,-2.5139217
-8.320982,1.0222443,-1.6673821
-7.846293,0.5526319,-1.559527
-0.95936555,6.2868457,0.8395607
-7.6192493,1.0856979,1.3600521
-8.143916,0.9998181,-2.3277261
4.534398,8.023244,-2.7399669
-6.6743436,2.3447561,-2.8835468
-8.766154,1.8508157,-1.943927
-8.888973,-0.06726488,-1.7081836
-1.9532263,-4.3840756,2.7264118
-8.251295,1.4793775,-0.27245492
-8.424679,1.7539972,0.5925288
-8.576546,1.6555481,-2.0995371
-7.091603,0.8982752,-2.6002414
-8.16797,0.017830363,-0.012946489
-4.6186705,2.829471,-1.6651398
-9.210912,2.3020053,-2.812842
-8.416016,1.7381104,-2.6697564
-7.484324,2.8301282,-0.93467486
-8.792857,0.44688588,0.33700326
-8.172637,1.508801,-1.4735298
-8.118764,1.898806,0.12874207
-9.156274,0.37031472,-2.1719944
-8.494682,3.268866,0.18715644
-7.8109446,3.0931845,-3.3325384
-8.798547,1.4021244,-0.49830088
-7.7880297,1.2385927,-2.1699858
-7.2996,2.0527978,0.27657837
-8.537993,1.5075322,-0.3353716
-8.540991,-0.03868868,-2.8400216
-8.138869,1.7161701,-0.99984103
-8.680958,1.2615454,-1.4462078
-8.9757,0.9015643,0.23761983
-6.530474,1.5250591,-2.1736495
-7.2536006,-1.6113311,-2.8898711
-7.658337,-0.26856604,-1.5912327
-8.389778,1.7338921,0.066784896
-5.842378,-0.3904136,-3.5790782
-9.371908,1.8025274,-2.3528326
-8.165037,1.4643253,-0.86169606
-8.504383,2.1545544,-2.0528948
-7.732161,0.7289384,-2.8793383
-8.390357,-0.54381096,-1.8650638
-8.837284,1.8161994,-2.0090063
-8.305192,1.6731095,-0.06717353
0.18895635,0.7549383,0.5289712
0.49272007,-0.3103787,1.729957
0.71121967,-0.31279647,0.58437425
1.4494753,0.3061311,0.11028768
0.22950801,-0.20987362,0.9629428
0.5008104,0.11224709,0.46904653
-0.3138833,-0.8578907,1.3117785
0.62621665,0.15960413,1.020865
0.8973695,0.1378971,-0.35401842
0.56822085,-0.0505841,0.18585058
0.86578566,0.7359084,0.21055187
0.90759933,-0.3533219,1.9044825
0.19665276,-0.16408141,0.51686716
-0.63601387,-0.22906831,-0.86025983
0.29974994,-0.33894685,1.17896
0.92044,-0.28028408,1.781758
1.42625,-0.09789798,-0.63292015
1.4201466,0.037759196,1.2422663
-0.26812273,-0.8957887,1.2800661
0.41601205,-0.09413497,1.213852
0.04818195,-0.16410354,0.9896796
0.24707963,1.1179469,1.1056668
0.8137047,-0.31009597,1.0809926
2.208095,-0.15512788,0.67666787
0.48879886,-0.39081252,1.2370436
0.7889751,-0.11016162,0.3131424
0.5202393,-0.5039165,0.92027414
0.32846424,0.07322939,0.6499027
1.154163,0.43063536,-0.034648146
0.26165065,0.5779557,-2.3919926
0.102695145,1.2131139,1.3802245
0.52242154,0.17344846,0.95402634
0.6744768,0.07016793,0.852296
0.64129317,-0.013973244,0.4549655
0.46945146,-0.46770093,0.55889034
0.19659655,1.1132485,0.17904392
0.11109059,-0.123666,0.610081
0.70165515,-0.5374528,0.9812261
1.1553813,0.8696363,0.58130985
0.5333478,1.1291232,-0.501754
0.6281163,-0.33423483,0.6092572
0.22927833,-0.48794866,0.662754
0.7324359,-0.50020164,1.1073135
0.33121833,-0.19480108,1.1740371
1.7232273,-0.54166675,-1.1417316
0.79528475,-0.4395476,0.545499
0.67020255,-0.053610127,0.95785123
0.46412295,-0.5614485,1.1612922
0.92126215,0.032918606,1.1076665
0.60579944,-0.4570572,0.3876372
0.29128486,0.37889853,0.6972729
1.2700163,-0.3798193,0.7788729
0.6641004,-0.57522076,1.0292902
1.0556967,0.23844185,-0.21877573
0.16667463,0.21526594,0.6130435
-0.37092662,-0.7817623,1.0612048
1.049845,0.063156515,0.019004393
1.0592322,-0.43218705,0.7637507
0.3825067,-0.38271347,0.44402885
0.19895336,-0.22972156,0.6037566
0.9337215,-0.30127555,0.82351726
1.264332,0.2264386,0.62270814
-0.50870216,-0.63547,1.147052
0.7850206,-0.104786076,0.04780313
0.57688993,0.2103173,0.64839786
0.6882734,-0.5490589,1.0655949
0.9463123,0.15723282,-0.40166268
0.38284162,0.4335393,-0.049582705
1.338471,0.53233856,-0.60727364
0.4304004,0.0021068873,1.1180273
1.205797,-0.060454607,0.41335538
0.48792437,-0.4209302,0.5164547
0.85041666,-0.41615534,0.8267447
0.26113734,-0.08899364,0.96578485
1.115141,-0.24653405,-2.114526
0.33589977,-0.48981324,0.70510894
0.2967,-0.47589794,0.7115139
0.4110114,-0.43487832,1.2393532
0.5330091,-0.45876622,1.1606352
1.1056182,0.24322295,-1.0102361
0.34393007,0.70520395,0.09343237
0.8753179,-0.0634381,0.66089904
0.8313638,-0.16668473,-2.4319072
0.08185652,-0.1435421,0.806958
0.23055997,-0.031818386,1.0517269
0.26407015,0.1230083,-0.74222445
-0.22461446,-0.7987001,1.175146
0.18827397,-0.01974808,0.95255256
0.9803448,-0.090742275,0.13994658
0.6091542,-0.032414183,1.1301254
0.6490488,-0.5098427,0.77838194
0.5465995,0.08308872,1.047954
1.8335998,0.22610699,-0.56619096
0.21624863,0.06592841,0.62753993
1.7960465,-1.0357835,-2.1545336
1.0371724,-0.86197835,0.26216406
0.35809994,0.09860829,0.26830375
0.6853804,0.011581258,0.8012241
-0.92056286,-0.039719652,-0.1407939
0.74361575,-0.35645294,1.1592954
0.39784107,0.24611428,0.84261346
1.4642704,0.8657187,1.5256733
0.35432497,-0.5386395,0.7916933
0.038521513,0.5960245,1.6335856
0.347693,-0.08596248,1.0841887
0.6573416,-0.4724564,0.9789836
0.40735713,-0.4819894,0.62928206
0.13789003,-0.43018752,0.6497661
2.0066288,0.2620672,1.2361294
0.6149492,0.35630786,0.5361542
0.9603194,0.2078307,-0.4389626
0.7743059,0.25173882,0.7267704
0.6468605,-0.100061394,-2.288468
0.24688174,0.2053886,0.048672292
0.08960371,0.32766512,-1.2691588
0.34479347,-0.46948203,0.7242771
0.787109,-0.3157803,0.7851796
0.4183519,-0.49596652,0.7297492
0.36627227,0.26551616,1.017412
0.7509373,-0.5250157,0.7729873
0.9991941,0.5909649,1.760668
0.82748014,-0.06124075,0.79521066
-0.6991221,0.37180838,1.087024
0.35336077,-0.038555667,1.0214598
1.3877076,0.8416358,-0.34023917
0.8708903,-0.08539879,0.8390262
0.32684624,-0.55145603,1.1647497
1.2365373,0.4126531,-1.0136086
0.26627383,0.3023209,0.4993421
0.34834236,0.24229366,0.5854911
0.22882845,0.23279376,0.40196168
0.49073008,-0.19416519,0.50482184
0.5880751,-0.2770945,1.2817802
0.96633875,-0.38440335,0.6452366
0.34654632,-0.13413452,2.3118184
0.31862158,-0.14908104,0.50126904
0.6900915,0.45210707,1.2958598
0.8343599,0.35760465,0.5559284
0.3819067,0.25066787,0.15284848
0.38057306,-0.09482841,1.2531307
0.66353816,-0.5773123,1.1834676
0.844221,0.24954093,-0.44502777
0.42042062,0.7890361,-0.014020483
-0.62316775,-0.068198964,-0.2071987
1.2012649,0.1713433,0.7240034
0.39426428,-0.5228565,0.6558751
0.8673821,-0.52164006,0.6440609
0.27491054,-0.35223225,0.7652969
1.6607606,-0.8260019,0.72634536
0.20666727,0.12521617,1.1570246
1.0824236,0.80529684,-0.9006247
0.54363316,-0.5458258,0.95080996
0.09801038,-0.017017484,0.77084863
0.6965162,0.010125451,1.2015377
0.52741414,-0.07117163,1.1400588
0.886482,0.04056197,0.23438796
1.0092366,0.05465238,-0.22401097
0.3223625,0.06298257,0.5852291
-0.4251541,-1.2318041,-1.04021
0.15383694,-0.13561498,0.73555803
0.80028677,-0.39121097,-2.9574196
0.6357664,-0.59272933,1.0693624
-0.3500735,-0.75591195,1.0606654
0.056167856,-0.0963225,1.0630207
0.58727217,0.38100228,0.80628383
0.3794012,-0.04022507,0.50949156
0.41102302,0.106187634,-1.4132845
1.1256045,-1.0973808,-3.0905602
0.6170503,-0.58467263,0.933413
1.1896038,0.23858401,0.95675665
1.8334079,-0.32719272,-0.42964694
0.36991498,0.24696875,0.70938253
1.8617022,-0.33613673,-0.32504788
0.566818,0.048651703,1.0578526
0.3196969,-0.30231023,0.66889
0.7810037,0.011041048,0.3700254
1.412096,1.0962288,-0.07219591
0.41677955,0.6593956,0.2719875
0.39056692,-0.4229142,0.44329083
0.78123677,-0.4274261,0.80588555
0.44790512,-0.46202084,0.61816084
0.6651033,-0.18459262,0.33358648
0.8026977,-0.4799739,1.0438257
0.87932354,-0.04012717,1.1524551
1.158853,0.4837053,0.51940787
0.28525096,-0.41223672,0.55607927
1.0214263,0.12787995,-0.54178584
0.44597155,-0.4990869,1.022273
2.1810088,0.4576702,0.21006861
0.760416,-0.22912395,0.3061016
0.47627732,0.049716413,0.58986884
0.6957673,-0.51831204,0.9236402
0.25054017,-0.4550403,0.7784747
0.22782038,-0.053770546,0.90250486
0.68604696,0.11999707,0.26531076
0.8271683,-0.456584,0.99660367
0.84120166,-0.106055126,0.8209148
0.43915576,-0.62915057,0.8396097
1.2652991,-0.25371397,1.4498436
0.4160441,-0.074710585,1.4140779
1.08058,-0.94445586,-3.71879
0.94960713,-0.74776185,-4.0090585
0.9249139,-1.157139,-3.18475
1.7909538,-0.5658204,-3.262646
1.5408872,-0.2529438,-4.795378
0.36550567,0.5855937,-3.0952916
0.92303175,-0.17284986,-3.0075133
1.3458217,-0.08025446,-2.0353234
-0.054228116,-1.0323845,-3.1654594
0.62464905,-0.78535324,-4.28271
0.34611648,-0.44090155,-3.7407115
0.74943054,-0.07653701,-3.282052
1.535201,0.6554074,-3.5522938
1.9945122,-1.1835331,-4.1391006
1.0511146,-1.0139538,-3.496966
0.77983946,-1.7911513,-4.668201
0.7220843,-1.3853111,-4.0501976
1.1736273,-1.1328369,-3.398596
0.9315821,-1.091074,-4.5029955
0.7957758,0.8425597,-3.2472544
0.81070507,-1.0785033,-4.1121793
0.947944,-1.0430179,-4.104918
1.0671781,0.914451,-3.6036012
0.20713626,0.730761,-4.0277042
0.7842358,0.10214112,-2.7595716
0.89284724,-0.69695824,-3.5874865
0.4769236,-0.5430874,-3.0968695
0.88626647,-0.22871429,-3.1469774
1.5026257,-1.4024649,-3.2167728
1.4797353,-1.076531,-4.025581
0.9138831,-0.0556684,-3.1339748
-0.5397522,-0.34650624,-4.0852394
0.6845252,-0.66265583,-3.9335625
-0.35516736,-0.22196399,-2.8104968
1.0201192,-0.73850006,-3.622219
1.2269595,-0.39714262,-3.483099
1.7939318,-0.40756565,-3.413594
0.9272953,-1.2373319,-4.4591866
1.0401922,-1.1181425,-3.3304474
1.178573,-1.0290629,-3.406632
0.6241139,-1.3902353,-4.789088
0.8181087,-1.2229316,-4.3955016
0.7882116,-0.19214389,-3.0796993
2.556695,-0.65905434,-3.3570733
0.97223496,-0.83143955,-3.7209616
0.7098144,-0.89911604,-3.7325408
1.3358762,-0.3668887,-4.28151
0.90538824,-0.86928797,-3.9700253
1.1743941,-1.0732611,-3.6990151
1.0946071,-1.076097,-3.8264098
0.4488949,-1.1179525,-3.4794843
1.0640887,-2.0467887,-2.7145529
0.34369922,-1.3628151,-3.6430318
1.0612941,-0.6870538,-3.8792577
-0.1816602,-0.10550963,-4.109647
1.3634415,-0.79536414,-3.250095
0.39230517,-1.0207121,-3.8547597
0.96304,-1.0173081,-3.7993848
1.2110363,-1.1347483,-3.4596124
0.7703309,-0.67087734,-3.9148004
1.1616353,-1.0469247,-3.8028064
0.431492,-1.2456352,-3.2769444
1.3203089,-0.94638985,-3.849185
0.7454355,-0.56841546,-3.2931526
1.506078,-1.1323407,-4.4050136
-0.7096448,-0.3874044,-4.1897793
0.4734676,-0.32772976,-3.6857305
0.99992925,-0.9029883,-3.8437586
0.3468292,0.027225887,-3.4240859
1.5779562,0.5095488,-2.291009
0.68016124,-1.1015191,-4.0015826
0.9672213,-0.7361791,-3.7281482
0.7744727,-0.29200935,-2.9747863
1.6761758,-0.07621302,-3.8146398
1.2565361,0.050332278,-2.508344
1.1832958,-0.20414773,-2.1971097
0.331392,0.11426415,-3.4299257
2.4406888,-1.29415,-3.851501
0.6847899,-0.49278876,-3.192983
0.48630032,-1.0939007,-3.823164
1.091087,-1.0922483,-3.615419
0.33929875,-0.17191663,-4.15395
0.9099275,-0.21316086,-3.724536
0.93418604,-0.4056217,-3.5189626
0.98503876,-0.8457728,-3.6956747
0.4370163,-0.23796019,-3.8856301
0.973524,-0.8085294,-3.7145603
0.29513803,-0.44412172,-4.57378
1.5805125,-1.7089674,-2.752963
0.9437533,-0.7003949,-3.3966453
0.97742873,-0.95928335,-4.5847216
0.7782368,-2.174006,-3.2406106
-0.37288952,-0.13714045,-4.06186
1.0054071,-1.2241689,-4.07673
-0.3640524,-1.2795867,-3.1851447
0.62959707,0.22834046,-3.2940228
0.6989367,-0.5003226,-3.517533
1.3945255,-0.9341468,-2.6655953
1.0766523,-0.2922301,-3.404858
2.163958,0.43171057,-3.6765485
1.0135269,-1.5052434,-3.886857
0.43394998,-1.6244944,-2.5274858
1.0006973,-1.1194339,-4.2672906
1.0390873,-0.735229,-3.5223505
1.8305508,-0.41503453,-3.5291169
1.3105817,-0.17846802,-3.247058
1.5563678,-1.0100149,-5.173308
1.0704614,-0.68660647,-4.111193
1.2869041,-0.4827994,-3.524471
1.0078669,-0.16665067,-2.1748993
1.064308,-0.9004006,-3.3346426
0.69345015,-0.82969755,-3.8870087
0.9315166,-0.70870167,-3.6558352
1.3231987,-0.66664934,-3.7835
0.88107955,-0.61854357,-3.4222374
1.2415656,-0.90137804,-3.3598988
2.1116161,-0.22377834,-2.9120655
1.0368203,-0.64319414,-4.0242624
1.1429046,-0.47559044,-4.3334684
1.0899726,0.21661371,-4.195032
0.90388554,-0.27000418,-3.1812038
0.01531433,0.22678788,-2.4828765
0.4187167,-1.0199825,-3.497894
0.2572378,-0.5077062,-4.2551837
1.7056936,-2.0642514,-3.856412
0.5653264,0.029755158,-4.6295366
1.0062649,-1.1678098,-3.8345625
1.0569109,-1.1844213,-3.9784062
0.062455732,-1.6528336,-4.62086
0.61120796,-1.4087918,-5.1735997
0.82066745,-0.65228355,-3.9244616
0.78359866,0.15415856,-5.0206404
1.1192607,0.15685336,-3.0391288
1.1271415,-1.1677172,-3.939857
1.9078422,-1.8814183,-3.150652
0.8625756,-1.0471023,-3.9719887
1.3901442,-0.8884284,-4.131776
0.2535523,-0.92997,-3.1643267
1.0101285,-1.0904311,-4.026601
0.91796106,-0.7192784,-3.3708127
0.33723292,-0.22279581,-3.426866
0.7194226,-0.86573744,-3.4354126
0.98179436,-1.1099397,-4.1178885
0.18275335,-0.9332383,-3.8107846
1.8188096,-0.4669702,-4.862179
0.75314367,-1.0789027,-4.218715
1.6884086,-0.9133864,-3.4087732
-3.7424083,-1.4640439,-1.8798726
1.3803922,-0.6095264,-3.9146786
1.3241457,-0.50018185,-2.910442
1.8756403,0.31850663,-3.2537086
0.68141276,-0.601193,-3.8053098
0.67013544,-1.6441392,-3.912406
1.1751937,-1.1988951,-3.8027258
1.0024481,-1.4476985,-3.771071
1.1716229,0.11268441,-3.810313
1.3812026,-0.15101553,-2.533168
0.7746689,-0.8604847,-4.5699058
1.0634252,-0.5706897,-3.3683138
0.06156048,-0.22873053,-4.5436544
0.39937064,1.0589824,-3.1191866
0.8019035,-0.3953281,-4.2106385
0.803606,-0.4192647,-3.6910315
1.0212356,-0.36163306,-3.7404494
0.8112052,-0.8347184,-3.6113167
0.83029336,-0.67492455,-3.7071528
-0.16850336,-0.34806016,-3.5358648
0.87492,-0.7061337,-3.6644619
0.88801825,-0.91598326,-3.8270173
1.2743006,0.6232053,-3.9217143
1.4676735,-0.10013619,-2.9656382
0.599892,-0.7764004,-1.8413486
0.13810845,-0.83238626,-5.0833917
1.1345943,-0.78097117,-3.7500038
0.9616062,-0.38495195,-3.3331764
1.1508293,-1.143846,-4.0294867
1.7725396,-1.0216596,-3.4304888
1.0831851,-0.6753737,-3.8364923
0.77612257,-0.5919673,-3.7806408
-0.014272659,-0.10841807,-3.9921176
1.4967752,-0.29967654,-2.9535038
-0.17226623,-1.2406323,-4.5397925
0.24463157,-0.4705155,-3.8874586
1.1085547,-0.95119727,-3.461791
1.1525775,-0.38092655,-2.4665072
0.99624586,-0.9615712,-3.7765083
0.8660298,-0.44822592,-3.4643157
1.3817463,-1.4169225,-4.8573127
1.0491184,-0.8334752,-3.4033506
1.4571885,0.71781164,-3.584355
1.0209429,-0.75114435,-3.4071524
0.6794243,0.036965583,-3.1941528
1.2378951,0.138704,-4.930057
0.8165096,-0.58293444,-3.4845455
1.7638423,0.18325342,-4.106026
0.55290073,-1.1248721,-4.514952
0.06220818,0.68064874,-2.707891
0.77869856,-0.7277753,-3.716614
1.3388668,-0.6742044,-3.608215
0.9805636,-0.1573251,-2.178449
1.6333445,4.4274797,1.3195934
0.3018108,4.9519353,1.1009992
0.81758904,5.0326858,0.9987954
0.67074144,4.743201,1.0390561
0.648078,5.133864,0.9792039
0.05184059,4.156605,0.9985005
0.060476474,5.8954597,0.53167135
-0.5172613,5.5224624,0.25023457
0.6824158,4.0521154,0.9766898
0.28045478,6.110005,1.3687912
0.71401596,5.2435293,0.7552554
0.6940422,4.850603,1.0042236
0.5380562,4.8407454,2.2753916
1.2524457,4.408472,1.3178452
-0.01667571,4.974221,0.39944184
-0.09834198,5.852193,1.4950681
0.9288103,5.312297,1.8644261
0.5709536,5.597094,0.24917078
0.36469308,4.6327715,0.78172445
0.4183767,5.8746114,1.8038172
1.0936317,5.7316346,1.0761847
1.0071468,5.6934314,0.1688012
0.7441608,5.190863,0.60086393
2.4148076,4.503472,1.0551614
1.3800306,4.9461646,1.2930604
0.7444771,4.949385,0.8874615
0.33157974,4.1781893,1.1767733
0.3412323,4.758143,0.7384313
2.3281283,4.046861,1.3241849
1.7232022,5.9478655,1.7051597
0.60763925,4.838661,0.86026907
1.6867243,6.7327514,0.58650094
0.66288364,4.8643117,0.85500115
2.7621052,4.700528,0.9145303
0.5831197,4.7242794,1.1172316
1.0448443,4.937972,-0.6887464
0.6784241,4.252134,1.1115478
0.96906525,4.674458,-0.5990574
3.0013354,4.0157895,0.9176664
1.3858094,4.781253,1.0149564
1.0614859,4.715575,1.1914328
0.27945486,4.647448,1.8848476
0.54137385,5.7141347,0.517345
0.6578399,5.095379,0.6767414
0.2313731,5.161428,0.80493796
0.15161544,4.24542,0.57481545
0.6654963,5.1496487,-0.44858697
2.0159893,5.1403637,0.3748703
0.6582393,5.361747,0.76765615
0.72062594,4.5930734,0.9938612
0.5245853,4.7682586,0.91858274
0.51871717,4.740716,1.0085204
3.0282478,4.1711674,0.9255875
0.7808332,6.5951047,0.6244866
-0.18755047,3.7216969,0.9543304
1.1463326,4.9288497,0.045024052
0.5494849,5.8186893,-0.6377028
0.5531074,4.789833,0.9115292
1.1650293,4.616261,1.0271127
0.944987,5.8932586,0.84624785
0.21546492,4.8806267,0.3962097
4.1459746,5.018828,0.5776103
2.5997672,4.409279,1.1512405
2.3069055,4.541808,1.0376924
1.0600781,5.24104,0.46464223
-0.6789882,4.9373045,1.2848486
0.7714468,5.282173,1.0949805
2.551886,4.4810667,1.1672561
0.797085,5.2554107,1.5375731
-0.39487928,4.4139495,0.7021412
0.73923016,4.9702234,0.83712924
0.7103594,3.8076663,-0.097327314
1.3937662,4.673112,1.0482042
0.9381401,5.160107,1.270729
0.67830616,4.9542856,0.5600877
0.175919,4.5460906,0.7370389
0.18204449,4.962083,0.48619303
1.0026526,5.929663,0.47348186
-0.5547583,5.203301,-0.337121
0.7400709,5.6428046,0.36459327
2.0912535,4.4342303,1.1821408
1.022804,6.5781245,1.0750318
1.5982695,4.6140757,1.2509817
0.58047944,4.807629,0.9791741
0.7541238,4.81216,1.2727726
-0.14520517,5.349837,1.976935
0.69405097,4.8993454,-0.10686081
0.9398623,4.659684,2.338529
0.76028883,5.2204027,1.1093125
2.9599736,3.9251134,0.8686611
2.6835716,4.38111,1.0322671
0.31832448,4.5993714,0.77643144
0.44598916,5.438986,0.78020793
0.81421894,4.8282776,0.99385434
-0.1613635,4.4746,0.40525585
1.1655618,6.3186526,1.5330029
0.5684113,4.879889,0.80768186
0.058060776,4.949668,-0.19139369
2.3385243,5.7011614,1.031413
1.6062857,4.6121807,0.9680105
0.6698496,4.848833,0.83095545
1.0521533,6.629449,1.3987992
2.3962028,3.6812055,1.4804616
2.1644232,4.832518,1.8635511
2.1539843,4.6750073,1.2520547
0.33246613,5.1921678,1.0544169
0.7560961,5.152277,0.78606606
2.849318,4.432538,1.4414679
0.52010244,5.1249695,0.6413379
0.7589733,4.861103,0.991092
0.68349785,4.7185125,1.0493586
0.4859279,5.036078,0.8236572
-0.10134278,4.5562325,1.009363
1.4278073,5.2060866,1.4509853
0.41070366,4.9798393,0.73766804
2.1578038,4.491245,1.1432912
0.71687984,4.6085577,1.2298367
0.2636903,5.2567286,1.4859071
0.4481038,4.2583294,1.1778276
-0.16061607,4.5656013,1.943233
0.7236277,4.7769427,0.966858
1.1928525,4.9996343,-0.076920696
0.6142135,3.168674,0.1131812
0.41880512,6.32236,1.2215286
1.2487462,6.168234,-0.049767114
-0.53827393,5.535207,1.2167459
2.4115365,4.492221,1.0625045
1.5398362,5.683952,-0.2808775
0.028694427,4.6367245,1.1336097
1.0819409,6.0208287,0.5866131
0.6880997,3.97595,0.53662616
0.7308232,4.935369,0.3894434
0.4999279,4.872075,0.6028705
0.9325698,4.824355,1.0709826
0.69199806,4.3797235,1.503868
0.5464837,6.3178744,0.13983795
1.1143149,5.3849306,1.7149147
0.7174684,5.70111,0.76429814
0.2726203,5.488425,0.4718134
0.58245903,5.072276,0.9332987
2.9671504,4.955108,0.71836084
0.78117865,5.296702,0.9401379
2.046902,4.234162,1.26675
2.664837,4.462331,1.0044298
-0.118969835,5.6098194,-0.23081642
0.850245,4.6678357,0.66477686
1.1164659,4.05129,-0.32490635
0.95790184,0.76428896,0.106587216
-0.071460724,5.657527,-0.30313796
0.49470198,4.0681953,1.8243606
2.1367438,4.5094132,1.2420366
0.87461245,3.66639,1.6141385
2.4584959,4.436207,1.0720778
0.6710598,4.791332,1.0008228
0.9684677,4.822662,0.6450103
1.1246483,5.28399,1.0961741
-0.07255138,4.6143217,0.42848566
0.5058054,5.0034466,0.64938587
1.8326584,5.863045,0.21347728
0.37785506,4.1677327,-0.45225322
0.728079,5.5435214,2.155417
1.7626237,5.8815427,0.10381223
-0.32591966,4.5084634,0.1774608
0.5121679,5.2092357,0.62384534
-0.62192047,4.7127175,1.5124667
0.7788066,5.2303405,-0.26386914
2.7994015,4.2321253,1.0867382
-0.43558174,4.904648,1.4042805
0.58243644,5.017173,0.82520306
3.0645306,3.967201,0.9245329
2.9550974,4.577678,0.9629496
0.94564885,5.622122,1.018462
0.84971005,4.960923,0.8429366
2.4953277,-0.21920423,-3.908594
1.1890848,5.043234,0.14421216
0.7903719,5.2716484,0.58494747
2.4177217,4.3140893,1.1697805
2.4808152,4.5740848,0.27525455
0.649341,5.3065658,0.66163164
1.0846257,4.1744,0.29151088
1.2560022,5.2652607,1.2695091
0.7758228,4.842327,0.6730779
0.186539,5.5089207,1.175688
2.0833218,4.753317,0.60181135
0.60259753,5.244549,0.77739197
1.7558129,4.701239,1.0392821
2.8711247,4.556222,1.0855289
0.51893073,4.9166937,0.8041282
1.1126558,6.5719705,0.256412
0.13575499,6.174656,-0.19363208
0.5595687,5.5238395,1.2671266
0.9552319,4.9563966,0.77530974
0.36320746,4.8508162,0.9720825
0.185774,5.42381,0.31150535
1.008715,4.877795,0.66640913
0.07768471,6.462775,0.716528
2.0551195,4.5370607,0.9290977
1.9617926,4.879418,-0.19272834
-0.7188214,5.335349,0.93854856
0.37715465,5.0571537,0.76575094
7.6023607,5.627818,-1.1722612
